computador,modo,tamanho_vetor,threads,tempo_ms,resultado,speedup
Computador_A,sequencial,10000,1,0.120000,12427031.250000,1.000000
Computador_A,paralelo,10000,1,0.180000,12427031.250000,0.666667
Computador_A,paralelo,10000,2,0.110000,12427031.250000,1.090909
Computador_A,paralelo,10000,4,0.095000,12427031.250000,1.263158
Computador_A,sequencial,100000,1,0.900000,1248745312.500000,1.000000
Computador_A,paralelo,100000,4,0.420000,1248745312.500000,2.142857
Computador_B,sequencial,100000,1,1.100000,1248745312.500000,1.000000
Computador_B,paralelo,100000,4,0.530000,1248745312.500000,2.075472
